-- =============================================================
-- SEED DATA - Neobank Database
-- ~100 comptes, profils clients, cartes, transactions, logs

-- INSERTION DE DONNEES GENEREES PAR IA

-- =============================================================

SET NAMES utf8mb4;

SET FOREIGN_KEY_CHECKS = 0;

DELETE FROM logs;

DELETE FROM audit_logs;

DELETE FROM transactions;

DELETE FROM cards;

DELETE FROM accounts;

DELETE FROM registered_as;

DELETE FROM beneficiaries;

DELETE FROM customers;

DELETE FROM card_networks;

DELETE FROM card_types;

DELETE FROM payment_methods;

DELETE FROM transaction_types;

SET FOREIGN_KEY_CHECKS = 1;

-- =============================================================
-- RÉFÉRENTIELS
-- =============================================================

INSERT INTO
    transaction_types (id, label)
VALUES (1, 'Virement'),
    (2, 'Paiement CB'),
    (3, 'Retrait DAB'),
    (4, 'Dépôt espèces'),
    (5, 'Prélèvement'),
    (6, 'Remboursement'),
    (7, 'Frais bancaires');

INSERT INTO
    payment_methods (id, label)
VALUES (1, 'Carte bancaire'),
    (2, 'Virement SEPA'),
    (3, 'Espèces'),
    (4, 'Prélèvement automatique'),
    (5, 'Chèque');

INSERT INTO
    card_types (id, label)
VALUES (1, 'Débit'),
    (2, 'Crédit'),
    (3, 'Prépayée'),
    (4, 'Virtuelle');

INSERT INTO
    card_networks (id, label)
VALUES (1, 'Visa'),
    (2, 'Mastercard'),
    (3, 'American Express'),
    (4, 'Carte Bancaire');

-- =============================================================
-- CUSTOMERS (50 clients)
-- =============================================================

INSERT INTO
    customers (
        id,
        name,
        email,
        phone,
        created_at
    )
VALUES (
        1,
        'Alice Martin',
        'alice.martin@mail.fr',
        '+33612345001',
        '2022-01-15 09:00:00'
    ),
    (
        2,
        'Bruno Lefevre',
        'bruno.lefevre@mail.fr',
        '+33612345002',
        '2022-02-10 10:30:00'
    ),
    (
        3,
        'Clara Dupont',
        'clara.dupont@mail.fr',
        '+33612345003',
        '2022-03-05 11:00:00'
    ),
    (
        4,
        'David Moreau',
        'david.moreau@mail.fr',
        '+33612345004',
        '2022-04-20 08:45:00'
    ),
    (
        5,
        'Emma Bernard',
        'emma.bernard@mail.fr',
        '+33612345005',
        '2022-05-12 14:00:00'
    ),
    (
        6,
        'Florian Petit',
        'florian.petit@mail.fr',
        '+33612345006',
        '2022-06-08 09:30:00'
    ),
    (
        7,
        'Gaelle Thomas',
        'gaelle.thomas@mail.fr',
        '+33612345007',
        '2022-07-19 13:15:00'
    ),
    (
        8,
        'Hugo Robert',
        'hugo.robert@mail.fr',
        '+33612345008',
        '2022-08-03 16:00:00'
    ),
    (
        9,
        'Inès Richard',
        'ines.richard@mail.fr',
        '+33612345009',
        '2022-09-22 10:00:00'
    ),
    (
        10,
        'Julien Simon',
        'julien.simon@mail.fr',
        '+33612345010',
        '2022-10-11 11:45:00'
    ),
    (
        11,
        'Karine Laurent',
        'karine.laurent@mail.fr',
        '+33612345011',
        '2022-11-07 09:00:00'
    ),
    (
        12,
        'Léo Michel',
        'leo.michel@mail.fr',
        '+33612345012',
        '2022-12-01 14:30:00'
    ),
    (
        13,
        'Manon Garcia',
        'manon.garcia@mail.fr',
        '+33612345013',
        '2023-01-18 08:00:00'
    ),
    (
        14,
        'Nathan Martinez',
        'nathan.martinez@mail.fr',
        '+33612345014',
        '2023-02-14 10:00:00'
    ),
    (
        15,
        'Olivia Dubois',
        'olivia.dubois@mail.fr',
        '+33612345015',
        '2023-03-09 12:00:00'
    ),
    (
        16,
        'Paul Leroy',
        'paul.leroy@mail.fr',
        '+33612345016',
        '2023-04-25 15:00:00'
    ),
    (
        17,
        'Quentin Roux',
        'quentin.roux@mail.fr',
        '+33612345017',
        '2023-05-30 09:00:00'
    ),
    (
        18,
        'Rachel David',
        'rachel.david@mail.fr',
        '+33612345018',
        '2023-06-16 11:00:00'
    ),
    (
        19,
        'Sébastien Bertrand',
        'sebastien.bertrand@mail.fr',
        '+33612345019',
        '2023-07-04 14:00:00'
    ),
    (
        20,
        'Tina Morel',
        'tina.morel@mail.fr',
        '+33612345020',
        '2023-08-20 10:30:00'
    ),
    (
        21,
        'Ugo Fournier',
        'ugo.fournier@mail.fr',
        '+33612345021',
        '2023-09-11 09:15:00'
    ),
    (
        22,
        'Vanessa Henry',
        'vanessa.henry@mail.fr',
        '+33612345022',
        '2023-10-03 13:00:00'
    ),
    (
        23,
        'William Rousseau',
        'william.rousseau@mail.fr',
        '+33612345023',
        '2023-11-17 08:30:00'
    ),
    (
        24,
        'Xena Girard',
        'xena.girard@mail.fr',
        '+33612345024',
        '2023-12-05 10:00:00'
    ),
    (
        25,
        'Yann Vincent',
        'yann.vincent@mail.fr',
        '+33612345025',
        '2024-01-08 11:30:00'
    ),
    (
        26,
        'Zoé Faure',
        'zoe.faure@mail.fr',
        '+33612345026',
        '2024-02-12 09:00:00'
    ),
    (
        27,
        'Antoine Gilles',
        'antoine.gilles@mail.fr',
        '+33612345027',
        '2024-03-01 14:15:00'
    ),
    (
        28,
        'Béatrice Perrin',
        'beatrice.perrin@mail.fr',
        '+33612345028',
        '2024-04-07 10:45:00'
    ),
    (
        29,
        'Cédric Fontaine',
        'cedric.fontaine@mail.fr',
        '+33612345029',
        '2024-04-22 09:30:00'
    ),
    (
        30,
        'Diane Chevalier',
        'diane.chevalier@mail.fr',
        '+33612345030',
        '2024-05-10 13:00:00'
    ),
    (
        31,
        'Etienne Mercier',
        'etienne.mercier@mail.fr',
        '+33612345031',
        '2024-05-28 11:00:00'
    ),
    (
        32,
        'Fanny Bonnet',
        'fanny.bonnet@mail.fr',
        '+33612345032',
        '2024-06-15 08:45:00'
    ),
    (
        33,
        'Guillaume Thibault',
        'guillaume.thibault@mail.fr',
        '+33612345033',
        '2024-07-02 15:30:00'
    ),
    (
        34,
        'Hélène Picard',
        'helene.picard@mail.fr',
        '+33612345034',
        '2024-07-19 09:00:00'
    ),
    (
        35,
        'Ibrahima Diallo',
        'ibrahima.diallo@mail.fr',
        '+33612345035',
        '2024-08-06 12:00:00'
    ),
    (
        36,
        'Julie Clement',
        'julie.clement@mail.fr',
        '+33612345036',
        '2024-08-23 10:15:00'
    ),
    (
        37,
        'Kevin Lambert',
        'kevin.lambert@mail.fr',
        '+33612345037',
        '2024-09-09 14:00:00'
    ),
    (
        38,
        'Laura Leclerc',
        'laura.leclerc@mail.fr',
        '+33612345038',
        '2024-09-26 09:30:00'
    ),
    (
        39,
        'Maxime Colin',
        'maxime.colin@mail.fr',
        '+33612345039',
        '2024-10-14 11:00:00'
    ),
    (
        40,
        'Nina Gauthier',
        'nina.gauthier@mail.fr',
        '+33612345040',
        '2024-10-31 08:00:00'
    ),
    (
        41,
        'Oscar Renaud',
        'oscar.renaud@mail.fr',
        '+33612345041',
        '2024-11-18 13:45:00'
    ),
    (
        42,
        'Pauline Arnaud',
        'pauline.arnaud@mail.fr',
        '+33612345042',
        '2024-12-05 10:30:00'
    ),
    (
        43,
        'Romain Barbier',
        'romain.barbier@mail.fr',
        '+33612345043',
        '2025-01-09 09:00:00'
    ),
    (
        44,
        'Sophie Caron',
        'sophie.caron@mail.fr',
        '+33612345044',
        '2025-01-24 14:00:00'
    ),
    (
        45,
        'Théo Muller',
        'theo.muller@mail.fr',
        '+33612345045',
        '2025-02-10 11:15:00'
    ),
    (
        46,
        'Ursula Blanc',
        'ursula.blanc@mail.fr',
        '+33612345046',
        '2025-02-27 09:45:00'
    ),
    (
        47,
        'Victor Nguyen',
        'victor.nguyen@mail.fr',
        '+33612345047',
        '2025-03-15 10:00:00'
    ),
    (
        48,
        'Wendy Roussel',
        'wendy.roussel@mail.fr',
        '+33612345048',
        '2025-04-01 13:30:00'
    ),
    (
        49,
        'Xavier Lemaire',
        'xavier.lemaire@mail.fr',
        '+33612345049',
        '2025-04-18 09:00:00'
    ),
    (
        50,
        'Yasmine Brun',
        'yasmine.brun@mail.fr',
        '+33612345050',
        '2025-05-05 11:00:00'
    );

-- =============================================================
-- BENEFICIARIES (30 bénéficiaires)
-- =============================================================

INSERT INTO
    beneficiaries (id, name, iban, created_at)
VALUES (
        1,
        'EDF Particuliers',
        'FR7630006000011234567890189',
        '2022-01-20 10:00:00'
    ),
    (
        2,
        'Loyer Résidence',
        'FR7614508059000608034040422',
        '2022-02-15 09:30:00'
    ),
    (
        3,
        'Orange Mobile',
        'FR7617569000705205126900769',
        '2022-03-10 11:00:00'
    ),
    (
        4,
        'Spotify AB',
        'FR7630004000031234567890143',
        '2022-05-01 10:00:00'
    ),
    (
        5,
        'Alice Martin',
        'FR7630006000011111111111148',
        '2022-06-12 14:00:00'
    ),
    (
        6,
        'Bruno Lefevre',
        'FR7630006000022222222222246',
        '2022-07-08 09:00:00'
    ),
    (
        7,
        'Clara Dupont',
        'FR7630006000033333333333344',
        '2022-08-25 13:00:00'
    ),
    (
        8,
        'David Moreau',
        'FR7630006000044444444444442',
        '2022-09-15 10:30:00'
    ),
    (
        9,
        'Emma Bernard',
        'FR7630006000055555555555540',
        '2022-10-20 11:00:00'
    ),
    (
        10,
        'Free Mobile',
        'FR7610011000201234567890188',
        '2022-11-05 08:45:00'
    ),
    (
        11,
        'Assurance Maif',
        'FR7612548029980001234500143',
        '2023-01-10 09:00:00'
    ),
    (
        12,
        'SFR',
        'FR7630056009271234567890145',
        '2023-02-18 10:00:00'
    ),
    (
        13,
        'La Poste',
        'FR7620041010122112688700148',
        '2023-03-07 14:30:00'
    ),
    (
        14,
        'RATP',
        'FR7630004000031987654321043',
        '2023-04-12 11:00:00'
    ),
    (
        15,
        'Netflix',
        'FR7614508059000112233445522',
        '2023-05-20 09:30:00'
    ),
    (
        16,
        'Florian Petit',
        'FR7630006000066666666666648',
        '2023-06-09 10:00:00'
    ),
    (
        17,
        'Gaelle Thomas',
        'FR7630006000077777777777746',
        '2023-07-23 13:15:00'
    ),
    (
        18,
        'Hugo Robert',
        'FR7630006000088888888888844',
        '2023-08-14 08:00:00'
    ),
    (
        19,
        'Naturalia',
        'FR7630002007070101234500142',
        '2023-09-30 12:00:00'
    ),
    (
        20,
        'Gym Fitness Club',
        'FR7618206004038012345678943',
        '2023-10-25 11:00:00'
    ),
    (
        21,
        'Darty',
        'FR7617569000700987654321069',
        '2024-01-14 09:45:00'
    ),
    (
        22,
        'Amazon',
        'FR7630003020070012345600145',
        '2024-02-28 14:00:00'
    ),
    (
        23,
        'Fnac',
        'FR7630006000011122334455167',
        '2024-03-15 10:00:00'
    ),
    (
        24,
        'Inès Richard',
        'FR7630006000099999999999942',
        '2024-04-03 09:00:00'
    ),
    (
        25,
        'Julien Simon',
        'FR7630006000010101010101040',
        '2024-05-19 11:30:00'
    ),
    (
        26,
        'GDF Suez',
        'FR7630056009271111222233344',
        '2024-06-06 10:00:00'
    ),
    (
        27,
        'Médecin Traitant',
        'FR7630004000030102030405046',
        '2024-07-22 13:00:00'
    ),
    (
        28,
        'Engie',
        'FR7610011000200102030405088',
        '2024-08-09 09:15:00'
    ),
    (
        29,
        'Veolia',
        'FR7612548029980506070809143',
        '2024-09-26 14:45:00'
    ),
    (
        30,
        'Mutuelle Allianz',
        'FR7614508059000203040506022',
        '2024-11-12 10:30:00'
    );

-- =============================================================
-- REGISTERED_AS (certains clients sont aussi bénéficiaires)
-- =============================================================

INSERT INTO
    registered_as (customer_id, beneficiary_id)
VALUES (1, 5) (2, 6) (3, 7) (4, 8) (5, 9) (6, 16) (7, 17) (8, 18) (9, 24) (10, 25);

-- =============================================================
-- ACCOUNTS (~100 comptes : courant + épargne pour la plupart)
-- =============================================================

INSERT INTO
    accounts (
        id,
        num_acc,
        type,
        amount,
        devise,
        created_at,
        statut,
        customer_id
    )
VALUES (
        1,
        'FR7630006000011111111111148',
        'Courant',
        3254.80,
        'EUR',
        '2022-01-15 09:05:00',
        'active',
        1
    ),
    (
        2,
        'FR7630006000011111111112046',
        'Épargne',
        8900.00,
        'EUR',
        '2022-01-15 09:10:00',
        'active',
        1
    ),
    (
        3,
        'FR7630006000022222222222246',
        'Courant',
        1520.30,
        'EUR',
        '2022-02-10 10:35:00',
        'active',
        2
    ),
    (
        4,
        'FR7630006000022222222223144',
        'Épargne',
        15000.00,
        'EUR',
        '2022-02-10 10:40:00',
        'active',
        2
    ),
    (
        5,
        'FR7630006000033333333333344',
        'Courant',
        780.50,
        'EUR',
        '2022-03-05 11:05:00',
        'active',
        3
    ),
    (
        6,
        'FR7630006000033333333334242',
        'Joint',
        2100.00,
        'EUR',
        '2022-03-05 11:10:00',
        'active',
        3
    ),
    (
        7,
        'FR7630006000044444444444442',
        'Courant',
        4300.00,
        'EUR',
        '2022-04-20 08:50:00',
        'active',
        4
    ),
    (
        8,
        'FR7630006000044444444445340',
        'Épargne',
        22000.00,
        'EUR',
        '2022-04-20 08:55:00',
        'active',
        4
    ),
    (
        9,
        'FR7630006000044444444446248',
        'PEA',
        45000.00,
        'EUR',
        '2022-04-20 09:00:00',
        'active',
        4
    ),
    (
        10,
        'FR7630006000055555555555540',
        'Courant',
        920.10,
        'EUR',
        '2022-05-12 14:05:00',
        'active',
        5
    ),
    (
        11,
        'FR7630006000066666666666648',
        'Courant',
        2800.00,
        'EUR',
        '2022-06-08 09:35:00',
        'active',
        6
    ),
    (
        12,
        'FR7630006000066666666667546',
        'Épargne',
        5000.00,
        'EUR',
        '2022-06-08 09:40:00',
        'active',
        6
    ),
    (
        13,
        'FR7630006000077777777777746',
        'Courant',
        1100.75,
        'EUR',
        '2022-07-19 13:20:00',
        'active',
        7
    ),
    (
        14,
        'FR7630006000088888888888844',
        'Courant',
        3650.00,
        'EUR',
        '2022-08-03 16:05:00',
        'active',
        8
    ),
    (
        15,
        'FR7630006000088888888889742',
        'Épargne',
        12000.00,
        'EUR',
        '2022-08-03 16:10:00',
        'active',
        8
    ),
    (
        16,
        'FR7630006000099999999999942',
        'Courant',
        500.00,
        'EUR',
        '2022-09-22 10:05:00',
        'blocked',
        9
    ),
    (
        17,
        'FR7630006000010101010101040',
        'Courant',
        6200.00,
        'EUR',
        '2022-10-11 11:50:00',
        'active',
        10
    ),
    (
        18,
        'FR7630006000010101010102938',
        'Épargne',
        30000.00,
        'EUR',
        '2022-10-11 11:55:00',
        'active',
        10
    ),
    (
        19,
        'FR7630006000011111111110140',
        'Courant',
        1875.50,
        'EUR',
        '2022-11-07 09:05:00',
        'active',
        11
    ),
    (
        20,
        'FR7630006000011111111111038',
        'Épargne',
        7500.00,
        'EUR',
        '2022-11-07 09:10:00',
        'active',
        11
    ),
    (
        21,
        'FR7630006000012121212121236',
        'Courant',
        430.00,
        'EUR',
        '2022-12-01 14:35:00',
        'active',
        12
    ),
    (
        22,
        'FR7630006000013131313131334',
        'Courant',
        2250.00,
        'EUR',
        '2023-01-18 08:05:00',
        'active',
        13
    ),
    (
        23,
        'FR7630006000013131313132232',
        'Épargne',
        4500.00,
        'EUR',
        '2023-01-18 08:10:00',
        'active',
        13
    ),
    (
        24,
        'FR7630006000014141414141432',
        'Courant',
        1680.00,
        'EUR',
        '2023-02-14 10:05:00',
        'active',
        14
    ),
    (
        25,
        'FR7630006000015151515151530',
        'Courant',
        3100.00,
        'EUR',
        '2023-03-09 12:05:00',
        'active',
        15
    ),
    (
        26,
        'FR7630006000015151515152428',
        'Épargne',
        18000.00,
        'EUR',
        '2023-03-09 12:10:00',
        'active',
        15
    ),
    (
        27,
        'FR7630006000016161616161628',
        'Courant',
        750.25,
        'EUR',
        '2023-04-25 15:05:00',
        'active',
        16
    ),
    (
        28,
        'FR7630006000017171717171726',
        'Courant',
        5500.00,
        'EUR',
        '2023-05-30 09:05:00',
        'active',
        17
    ),
    (
        29,
        'FR7630006000017171717172624',
        'Épargne',
        10000.00,
        'EUR',
        '2023-05-30 09:10:00',
        'active',
        17
    ),
    (
        30,
        'FR7630006000018181818181824',
        'Courant',
        2900.00,
        'EUR',
        '2023-06-16 11:05:00',
        'active',
        18
    ),
    (
        31,
        'FR7630006000019191919191922',
        'Courant',
        8100.00,
        'EUR',
        '2023-07-04 14:05:00',
        'active',
        19
    ),
    (
        32,
        'FR7630006000019191919192820',
        'Épargne',
        35000.00,
        'EUR',
        '2023-07-04 14:10:00',
        'active',
        19
    ),
    (
        33,
        'FR7630006000020202020202020',
        'Courant',
        1200.00,
        'EUR',
        '2023-08-20 10:35:00',
        'active',
        20
    ),
    (
        34,
        'FR7630006000021212121212118',
        'Courant',
        670.00,
        'EUR',
        '2023-09-11 09:20:00',
        'active',
        21
    ),
    (
        35,
        'FR7630006000022222222222016',
        'Courant',
        4800.00,
        'EUR',
        '2023-10-03 13:05:00',
        'active',
        22
    ),
    (
        36,
        'FR7630006000022222222222914',
        'Épargne',
        9200.00,
        'EUR',
        '2023-10-03 13:10:00',
        'active',
        22
    ),
    (
        37,
        'FR7630006000023232323232314',
        'Courant',
        3300.00,
        'EUR',
        '2023-11-17 08:35:00',
        'active',
        23
    ),
    (
        38,
        'FR7630006000024242424242412',
        'Courant',
        220.00,
        'EUR',
        '2023-12-05 10:05:00',
        'active',
        24
    ),
    (
        39,
        'FR7630006000025252525252510',
        'Courant',
        1950.00,
        'EUR',
        '2024-01-08 11:35:00',
        'active',
        25
    ),
    (
        40,
        'FR7630006000025252525253408',
        'Épargne',
        6000.00,
        'EUR',
        '2024-01-08 11:40:00',
        'active',
        25
    ),
    (
        41,
        'FR7630006000026262626262608',
        'Courant',
        3700.00,
        'EUR',
        '2024-02-12 09:05:00',
        'active',
        26
    ),
    (
        42,
        'FR7630006000027272727272706',
        'Courant',
        590.00,
        'EUR',
        '2024-03-01 14:20:00',
        'active',
        27
    ),
    (
        43,
        'FR7630006000028282828282804',
        'Courant',
        2450.00,
        'EUR',
        '2024-04-07 10:50:00',
        'active',
        28
    ),
    (
        44,
        'FR7630006000028282828283702',
        'Épargne',
        11000.00,
        'EUR',
        '2024-04-07 10:55:00',
        'active',
        28
    ),
    (
        45,
        'FR7630006000029292929292902',
        'Courant',
        8900.00,
        'EUR',
        '2024-04-22 09:35:00',
        'active',
        29
    ),
    (
        46,
        'FR7630006000030303030303000',
        'Courant',
        1600.00,
        'EUR',
        '2024-05-10 13:05:00',
        'active',
        30
    ),
    (
        47,
        'FR7630006000030303030303898',
        'Épargne',
        3200.00,
        'EUR',
        '2024-05-10 13:10:00',
        'active',
        30
    ),
    (
        48,
        'FR7630006000031313131313198',
        'Courant',
        4100.00,
        'EUR',
        '2024-05-28 11:05:00',
        'active',
        31
    ),
    (
        49,
        'FR7630006000032323232323296',
        'Courant',
        720.00,
        'EUR',
        '2024-06-15 08:50:00',
        'active',
        32
    ),
    (
        50,
        'FR7630006000033333333333394',
        'Courant',
        5600.00,
        'EUR',
        '2024-07-02 15:35:00',
        'active',
        33
    ),
    (
        51,
        'FR7630006000033333333334292',
        'Épargne',
        20000.00,
        'EUR',
        '2024-07-02 15:40:00',
        'active',
        33
    ),
    (
        52,
        'FR7630006000034343434343492',
        'Courant',
        3450.00,
        'EUR',
        '2024-07-19 09:05:00',
        'active',
        34
    ),
    (
        53,
        'FR7630006000035353535353590',
        'Courant',
        1340.00,
        'EUR',
        '2024-08-06 12:05:00',
        'active',
        35
    ),
    (
        54,
        'FR7630006000035353535354488',
        'Épargne',
        2800.00,
        'EUR',
        '2024-08-06 12:10:00',
        'active',
        35
    ),
    (
        55,
        'FR7630006000036363636363688',
        'Courant',
        2700.00,
        'EUR',
        '2024-08-23 10:20:00',
        'active',
        36
    ),
    (
        56,
        'FR7630006000037373737373786',
        'Courant',
        980.00,
        'EUR',
        '2024-09-09 14:05:00',
        'active',
        37
    ),
    (
        57,
        'FR7630006000038383838383884',
        'Courant',
        4200.00,
        'EUR',
        '2024-09-26 09:35:00',
        'active',
        38
    ),
    (
        58,
        'FR7630006000038383838384782',
        'Épargne',
        16000.00,
        'EUR',
        '2024-09-26 09:40:00',
        'active',
        38
    ),
    (
        59,
        'FR7630006000039393939393982',
        'Courant',
        3080.00,
        'EUR',
        '2024-10-14 11:05:00',
        'active',
        39
    ),
    (
        60,
        'FR7630006000040404040404080',
        'Courant',
        650.00,
        'EUR',
        '2024-10-31 08:05:00',
        'active',
        40
    ),
    (
        61,
        'FR7630006000041414141414178',
        'Courant',
        7300.00,
        'EUR',
        '2024-11-18 13:50:00',
        'active',
        41
    ),
    (
        62,
        'FR7630006000041414141415076',
        'Épargne',
        25000.00,
        'EUR',
        '2024-11-18 13:55:00',
        'active',
        41
    ),
    (
        63,
        'FR7630006000042424242424276',
        'Courant',
        1900.00,
        'EUR',
        '2024-12-05 10:35:00',
        'active',
        42
    ),
    (
        64,
        'FR7630006000043434343434374',
        'Courant',
        840.00,
        'EUR',
        '2025-01-09 09:05:00',
        'active',
        43
    ),
    (
        65,
        'FR7630006000044444444444472',
        'Courant',
        2600.00,
        'EUR',
        '2025-01-24 14:05:00',
        'active',
        44
    ),
    (
        66,
        'FR7630006000044444444445370',
        'Épargne',
        4800.00,
        'EUR',
        '2025-01-24 14:10:00',
        'active',
        44
    ),
    (
        67,
        'FR7630006000045454545454570',
        'Courant',
        3900.00,
        'EUR',
        '2025-02-10 11:20:00',
        'active',
        45
    ),
    (
        68,
        'FR7630006000046464646464668',
        'Courant',
        1050.00,
        'EUR',
        '2025-02-27 09:50:00',
        'active',
        46
    ),
    (
        69,
        'FR7630006000047474747474766',
        'Courant',
        5100.00,
        'EUR',
        '2025-03-15 10:05:00',
        'active',
        47
    ),
    (
        70,
        'FR7630006000047474747475664',
        'Épargne',
        13000.00,
        'EUR',
        '2025-03-15 10:10:00',
        'active',
        47
    ),
    (
        71,
        'FR7630006000048484848484864',
        'Courant',
        1750.00,
        'EUR',
        '2025-04-01 13:35:00',
        'active',
        48
    ),
    (
        72,
        'FR7630006000049494949494962',
        'Courant',
        460.00,
        'EUR',
        '2025-04-18 09:05:00',
        'active',
        49
    ),
    (
        73,
        'FR7630006000050505050505060',
        'Courant',
        2300.00,
        'EUR',
        '2025-05-05 11:05:00',
        'active',
        50
    ),
    (
        74,
        'FR7630006000050505050505958',
        'Épargne',
        7000.00,
        'EUR',
        '2025-05-05 11:10:00',
        'active',
        50
    ),

-- Comptes supplémentaires pour atteindre ~100
(
    75,
    'FR7630006000051515151515158',
    'Courant',
    2100.00,
    'EUR',
    '2022-03-10 09:00:00',
    'active',
    1
),
(
    76,
    'FR7630006000052525252525256',
    'Courant',
    3400.00,
    'EUR',
    '2022-04-15 10:00:00',
    'active',
    2
),
(
    77,
    'FR7630006000053535353535354',
    'Courant',
    1500.00,
    'EUR',
    '2022-06-20 11:00:00',
    'active',
    5
),
(
    78,
    'FR7630006000054545454545452',
    'Courant',
    900.00,
    'EUR',
    '2022-09-01 09:00:00',
    'active',
    7
),
(
    79,
    'FR7630006000055555555555550',
    'Courant',
    6700.00,
    'EUR',
    '2023-01-05 10:00:00',
    'active',
    10
),
(
    80,
    'FR7630006000056565656565648',
    'Courant',
    350.00,
    'EUR',
    '2023-03-12 12:00:00',
    'active',
    12
),
(
    81,
    'FR7630006000057575757575746',
    'Courant',
    4500.00,
    'EUR',
    '2023-05-08 14:00:00',
    'active',
    14
),
(
    82,
    'FR7630006000058585858585844',
    'Courant',
    1800.00,
    'EUR',
    '2023-07-22 09:00:00',
    'active',
    16
),
(
    83,
    'FR7630006000059595959595942',
    'Courant',
    2950.00,
    'EUR',
    '2023-09-18 11:00:00',
    'active',
    18
),
(
    84,
    'FR7630006000060606060606040',
    'Courant',
    740.00,
    'EUR',
    '2023-11-03 10:00:00',
    'active',
    20
),
(
    85,
    'FR7630006000061616161616138',
    'Courant',
    5250.00,
    'EUR',
    '2024-01-19 09:00:00',
    'active',
    22
),
(
    86,
    'FR7630006000062626262626236',
    'Courant',
    3150.00,
    'EUR',
    '2024-03-08 14:00:00',
    'active',
    24
),
(
    87,
    'FR7630006000063636363636334',
    'Courant',
    480.00,
    'EUR',
    '2024-05-14 10:00:00',
    'active',
    26
),
(
    88,
    'FR7630006000064646464646432',
    'Courant',
    7800.00,
    'EUR',
    '2024-07-30 11:00:00',
    'active',
    28
),
(
    89,
    'FR7630006000065656565656530',
    'Courant',
    1420.00,
    'EUR',
    '2024-09-12 09:00:00',
    'active',
    30
),
(
    90,
    'FR7630006000066666666666628',
    'Courant',
    3900.00,
    'EUR',
    '2024-11-05 10:00:00',
    'active',
    32
),
(
    91,
    'FR7630006000067676767676726',
    'Courant',
    2200.00,
    'EUR',
    '2025-01-20 12:00:00',
    'active',
    34
),
(
    92,
    'FR7630006000068686868686824',
    'Courant',
    620.00,
    'EUR',
    '2025-02-14 09:00:00',
    'active',
    36
),
(
    93,
    'FR7630006000069696969696922',
    'Courant',
    4600.00,
    'EUR',
    '2025-03-28 11:00:00',
    'active',
    38
),
(
    94,
    'FR7630006000070707070707020',
    'Courant',
    1350.00,
    'EUR',
    '2025-04-25 10:00:00',
    'active',
    40
),
(
    95,
    'FR7630006000071717171717118',
    'Courant',
    8400.00,
    'EUR',
    '2022-05-30 09:00:00',
    'active',
    3
),
(
    96,
    'FR7630006000072727272727216',
    'Courant',
    2750.00,
    'EUR',
    '2022-08-18 14:00:00',
    'active',
    6
),
(
    97,
    'FR7630006000073737373737314',
    'Courant',
    560.00,
    'EUR',
    '2023-02-27 10:00:00',
    'active',
    9
),
(
    98,
    'FR7630006000074747474747412',
    'Courant',
    3650.00,
    'EUR',
    '2023-08-15 11:00:00',
    'active',
    15
),
(
    99,
    'FR7630006000075757575757510',
    'Courant',
    1900.00,
    'EUR',
    '2024-02-02 09:00:00',
    'active',
    25
),
(
    100,
    'FR7630006000076767676767608',
    'Courant',
    2100.00,
    'EUR',
    '2024-06-20 10:00:00',
    'active',
    35
),
(
    101,
    'FR7630006000077777777777706',
    'Courant',
    4300.00,
    'EUR',
    '2024-12-18 12:00:00',
    'active',
    45
),
(
    102,
    'FR7630006000078787878787804',
    'Courant',
    1050.00,
    'EUR',
    '2025-03-05 09:00:00',
    'active',
    50
);

-- =============================================================
-- CARDS (cartes liées aux comptes courants principalement)
-- =============================================================

INSERT INTO
    cards (
        id,
        card_number,
        status,
        payment_limit,
        withdrawal_limit,
        expiry_date,
        account_id,
        card_type_id,
        card_network_id
    )
VALUES (
        1,
        '4111111111111001',
        'active',
        3000.00,
        500.00,
        '2027-12-31',
        1,
        1,
        1
    ),
    (
        2,
        '4111111111111002',
        'active',
        2500.00,
        500.00,
        '2026-09-30',
        3,
        1,
        1
    ),
    (
        3,
        '5500000000000003',
        'active',
        4000.00,
        800.00,
        '2028-03-31',
        5,
        1,
        2
    ),
    (
        4,
        '5500000000000004',
        'active',
        5000.00,
        1000.00,
        '2027-06-30',
        7,
        2,
        2
    ),
    (
        5,
        '4111111111111005',
        'expired',
        2000.00,
        400.00,
        '2024-01-31',
        10,
        1,
        1
    ),
    (
        6,
        '4111111111111006',
        'active',
        3500.00,
        600.00,
        '2027-09-30',
        11,
        1,
        1
    ),
    (
        7,
        '5500000000000007',
        'active',
        3000.00,
        500.00,
        '2026-12-31',
        13,
        1,
        2
    ),
    (
        8,
        '4111111111111008',
        'active',
        4500.00,
        900.00,
        '2028-06-30',
        14,
        2,
        1
    ),
    (
        9,
        '4111111111111009',
        'blocked',
        1500.00,
        300.00,
        '2027-03-31',
        16,
        1,
        1
    ),
    (
        10,
        '5500000000000010',
        'active',
        5000.00,
        1000.00,
        '2027-12-31',
        17,
        2,
        2
    ),
    (
        11,
        '4111111111111011',
        'active',
        3000.00,
        600.00,
        '2026-09-30',
        19,
        1,
        1
    ),
    (
        12,
        '4111111111111012',
        'active',
        2000.00,
        400.00,
        '2028-01-31',
        21,
        1,
        1
    ),
    (
        13,
        '5500000000000013',
        'active',
        3500.00,
        700.00,
        '2027-06-30',
        22,
        1,
        2
    ),
    (
        14,
        '4111111111111014',
        'active',
        2500.00,
        500.00,
        '2026-12-31',
        24,
        1,
        1
    ),
    (
        15,
        '5500000000000015',
        'active',
        6000.00,
        1200.00,
        '2027-09-30',
        25,
        2,
        2
    ),
    (
        16,
        '4111111111111016',
        'active',
        2000.00,
        400.00,
        '2028-03-31',
        27,
        1,
        1
    ),
    (
        17,
        '3782822463100017',
        'active',
        10000.00,
        2000.00,
        '2027-12-31',
        28,
        2,
        3
    ),
    (
        18,
        '4111111111111018',
        'active',
        3000.00,
        600.00,
        '2026-09-30',
        30,
        1,
        1
    ),
    (
        19,
        '5500000000000019',
        'active',
        4000.00,
        800.00,
        '2028-06-30',
        31,
        1,
        2
    ),
    (
        20,
        '4111111111111020',
        'active',
        3000.00,
        500.00,
        '2027-03-31',
        33,
        1,
        1
    ),
    (
        21,
        '4111111111111021',
        'active',
        2500.00,
        500.00,
        '2027-12-31',
        34,
        1,
        1
    ),
    (
        22,
        '5500000000000022',
        'active',
        5000.00,
        1000.00,
        '2026-09-30',
        35,
        2,
        2
    ),
    (
        23,
        '4111111111111023',
        'active',
        3000.00,
        600.00,
        '2028-01-31',
        37,
        1,
        1
    ),
    (
        24,
        '4111111111111024',
        'active',
        1500.00,
        300.00,
        '2027-06-30',
        38,
        3,
        1
    ),
    (
        25,
        '5500000000000025',
        'active',
        4000.00,
        800.00,
        '2027-09-30',
        39,
        1,
        2
    ),
    (
        26,
        '4111111111111026',
        'active',
        3500.00,
        700.00,
        '2028-03-31',
        41,
        1,
        1
    ),
    (
        27,
        '4111111111111027',
        'active',
        2000.00,
        400.00,
        '2027-12-31',
        42,
        1,
        1
    ),
    (
        28,
        '5500000000000028',
        'active',
        4500.00,
        900.00,
        '2026-12-31',
        43,
        2,
        2
    ),
    (
        29,
        '4111111111111029',
        'active',
        6000.00,
        1000.00,
        '2028-06-30',
        45,
        1,
        1
    ),
    (
        30,
        '4111111111111030',
        'active',
        3000.00,
        600.00,
        '2027-03-31',
        46,
        1,
        1
    ),
    (
        31,
        '4111111111111031',
        'active',
        2500.00,
        500.00,
        '2027-12-31',
        48,
        1,
        1
    ),
    (
        32,
        '5500000000000032',
        'active',
        3000.00,
        600.00,
        '2026-09-30',
        49,
        1,
        2
    ),
    (
        33,
        '4111111111111033',
        'active',
        7000.00,
        1500.00,
        '2028-01-31',
        50,
        2,
        1
    ),
    (
        34,
        '4111111111111034',
        'active',
        3000.00,
        600.00,
        '2027-06-30',
        52,
        1,
        1
    ),
    (
        35,
        '5500000000000035',
        'active',
        2500.00,
        500.00,
        '2027-09-30',
        53,
        1,
        2
    ),
    (
        36,
        '4111111111111036',
        'active',
        3000.00,
        600.00,
        '2028-03-31',
        55,
        1,
        1
    ),
    (
        37,
        '4111111111111037',
        'active',
        2000.00,
        400.00,
        '2027-12-31',
        56,
        1,
        1
    ),
    (
        38,
        '5500000000000038',
        'active',
        5000.00,
        1000.00,
        '2026-12-31',
        57,
        2,
        2
    ),
    (
        39,
        '4111111111111039',
        'active',
        3000.00,
        600.00,
        '2028-06-30',
        59,
        1,
        1
    ),
    (
        40,
        '4111111111111040',
        'active',
        2000.00,
        400.00,
        '2027-03-31',
        60,
        1,
        1
    ),
    (
        41,
        '3782822463100041',
        'active',
        15000.00,
        3000.00,
        '2027-12-31',
        61,
        2,
        3
    ),
    (
        42,
        '4111111111111042',
        'active',
        3000.00,
        600.00,
        '2026-09-30',
        63,
        1,
        1
    ),
    (
        43,
        '4111111111111043',
        'active',
        2000.00,
        400.00,
        '2028-01-31',
        64,
        1,
        1
    ),
    (
        44,
        '5500000000000044',
        'active',
        4000.00,
        800.00,
        '2027-06-30',
        65,
        1,
        2
    ),
    (
        45,
        '4111111111111045',
        'active',
        3500.00,
        700.00,
        '2027-09-30',
        67,
        1,
        1
    ),
    (
        46,
        '4111111111111046',
        'active',
        2000.00,
        400.00,
        '2028-03-31',
        68,
        1,
        1
    ),
    (
        47,
        '5500000000000047',
        'active',
        5000.00,
        1000.00,
        '2027-12-31',
        69,
        2,
        2
    ),
    (
        48,
        '4111111111111048',
        'active',
        3000.00,
        600.00,
        '2026-09-30',
        71,
        1,
        1
    ),
    (
        49,
        '4111111111111049',
        'cancelled',
        2000.00,
        400.00,
        '2025-06-30',
        72,
        1,
        1
    ),
    (
        50,
        '5500000000000050',
        'active',
        4000.00,
        800.00,
        '2028-01-31',
        73,
        1,
        2
    ),
    -- Cartes virtuelles (withdrawal_limit = 0.01 car contrainte CHECK > 0 ; pas de retrait possible en pratique)
    (
        51,
        '4111111111111051',
        'active',
        1000.00,
        0.01,
        '2026-12-31',
        1,
        4,
        1
    ),
    (
        52,
        '5500000000000052',
        'active',
        1500.00,
        0.01,
        '2027-06-30',
        17,
        4,
        2
    ),
    (
        53,
        '4111111111111053',
        'active',
        500.00,
        0.01,
        '2027-12-31',
        28,
        4,
        1
    ),
    (
        54,
        '5500000000000054',
        'active',
        2000.00,
        0.01,
        '2026-09-30',
        45,
        4,
        2
    ),
    (
        55,
        '4111111111111055',
        'active',
        1000.00,
        0.01,
        '2028-03-31',
        61,
        4,
        1
    );

-- =============================================================
-- TRANSACTIONS (150 transactions variées)
-- =============================================================

INSERT INTO
    transactions (
        id,
        amount,
        date,
        direction,
        status,
        parent_transfer_id,
        devise,
        account_id,
        type_id,
        payment_method_id,
        card_id
    )
VALUES
    -- Paiements CB courants
    (
        1,
        45.80,
        '2025-01-05 10:23:00',
        'D',
        'completed',
        NULL,
        'EUR',
        1,
        2,
        1,
        1
    ),
    (
        2,
        12.99,
        '2025-01-06 14:10:00',
        'D',
        'completed',
        NULL,
        'EUR',
        1,
        2,
        1,
        1
    ),
    (
        3,
        89.50,
        '2025-01-08 09:45:00',
        'D',
        'completed',
        NULL,
        'EUR',
        3,
        2,
        1,
        2
    ),
    (
        4,
        230.00,
        '2025-01-10 11:30:00',
        'D',
        'completed',
        NULL,
        'EUR',
        5,
        2,
        1,
        3
    ),
    (
        5,
        67.20,
        '2025-01-12 16:00:00',
        'D',
        'completed',
        NULL,
        'EUR',
        7,
        2,
        1,
        4
    ),
    (
        6,
        350.00,
        '2025-01-14 08:30:00',
        'D',
        'completed',
        NULL,
        'EUR',
        11,
        2,
        1,
        6
    ),
    (
        7,
        18.50,
        '2025-01-15 12:45:00',
        'D',
        'completed',
        NULL,
        'EUR',
        14,
        2,
        1,
        8
    ),
    (
        8,
        540.00,
        '2025-01-16 17:00:00',
        'D',
        'completed',
        NULL,
        'EUR',
        17,
        2,
        1,
        10
    ),
    (
        9,
        23.00,
        '2025-01-17 09:15:00',
        'D',
        'completed',
        NULL,
        'EUR',
        22,
        2,
        1,
        13
    ),
    (
        10,
        75.60,
        '2025-01-18 14:30:00',
        'D',
        'completed',
        NULL,
        'EUR',
        25,
        2,
        1,
        15
    ),
    -- Virements (paires débit/crédit)
    (
        11,
        500.00,
        '2025-01-20 10:00:00',
        'D',
        'completed',
        NULL,
        'EUR',
        1,
        1,
        2,
        NULL
    ),
    (
        12,
        500.00,
        '2025-01-20 10:00:00',
        'C',
        'completed',
        11,
        'EUR',
        3,
        1,
        2,
        NULL
    ),
    (
        13,
        1000.00,
        '2025-01-21 11:00:00',
        'D',
        'completed',
        NULL,
        'EUR',
        7,
        1,
        2,
        NULL
    ),
    (
        14,
        1000.00,
        '2025-01-21 11:00:00',
        'C',
        'completed',
        13,
        'EUR',
        17,
        1,
        2,
        NULL
    ),
    (
        15,
        200.00,
        '2025-01-22 09:30:00',
        'D',
        'completed',
        NULL,
        'EUR',
        17,
        1,
        2,
        NULL
    ),
    (
        16,
        200.00,
        '2025-01-22 09:30:00',
        'C',
        'completed',
        15,
        'EUR',
        7,
        1,
        2,
        NULL
    ),
    (
        17,
        750.00,
        '2025-01-23 14:00:00',
        'D',
        'completed',
        NULL,
        'EUR',
        28,
        1,
        2,
        NULL
    ),
    (
        18,
        750.00,
        '2025-01-23 14:00:00',
        'C',
        'completed',
        17,
        'EUR',
        31,
        1,
        2,
        NULL
    ),
    (
        19,
        300.00,
        '2025-01-24 10:15:00',
        'D',
        'completed',
        NULL,
        'EUR',
        45,
        1,
        2,
        NULL
    ),
    (
        20,
        300.00,
        '2025-01-24 10:15:00',
        'C',
        'completed',
        19,
        'EUR',
        50,
        1,
        2,
        NULL
    ),
    -- Retraits DAB
    (
        21,
        60.00,
        '2025-01-05 12:00:00',
        'D',
        'completed',
        NULL,
        'EUR',
        1,
        3,
        1,
        1
    ),
    (
        22,
        100.00,
        '2025-01-06 18:00:00',
        'D',
        'completed',
        NULL,
        'EUR',
        3,
        3,
        1,
        2
    ),
    (
        23,
        80.00,
        '2025-01-08 11:00:00',
        'D',
        'completed',
        NULL,
        'EUR',
        7,
        3,
        1,
        4
    ),
    (
        24,
        50.00,
        '2025-01-09 09:30:00',
        'D',
        'completed',
        NULL,
        'EUR',
        14,
        3,
        1,
        8
    ),
    (
        25,
        100.00,
        '2025-01-10 14:00:00',
        'D',
        'completed',
        NULL,
        'EUR',
        17,
        3,
        1,
        10
    ),
    (
        26,
        40.00,
        '2025-01-11 16:30:00',
        'D',
        'completed',
        NULL,
        'EUR',
        22,
        3,
        1,
        13
    ),
    (
        27,
        200.00,
        '2025-01-12 10:00:00',
        'D',
        'completed',
        NULL,
        'EUR',
        31,
        3,
        1,
        19
    ),
    (
        28,
        60.00,
        '2025-01-13 13:00:00',
        'D',
        'completed',
        NULL,
        'EUR',
        45,
        3,
        1,
        29
    ),
    -- Prélèvements récurrents
    (
        29,
        750.00,
        '2025-01-01 07:00:00',
        'D',
        'completed',
        NULL,
        'EUR',
        1,
        5,
        4,
        NULL
    ) (
        30,
        95.00,
        '2025-01-05 07:00:00',
        'D',
        'completed',
        NULL,
        'EUR',
        1,
        5,
        4,
        NULL
    ) (
        31,
        19.99,
        '2025-01-08 07:00:00',
        'D',
        'completed',
        NULL,
        'EUR',
        1,
        5,
        4,
        NULL
    ) (
        32,
        9.99,
        '2025-01-10 07:00:00',
        'D',
        'completed',
        NULL,
        'EUR',
        1,
        5,
        4,
        NULL
    ) (
        33,
        800.00,
        '2025-01-01 07:00:00',
        'D',
        'completed',
        NULL,
        'EUR',
        7,
        5,
        4,
        NULL
    ) (
        34,
        110.00,
        '2025-01-05 07:00:00',
        'D',
        'completed',
        NULL,
        'EUR',
        7,
        5,
        4,
        NULL
    ) (
        35,
        24.99,
        '2025-01-10 07:00:00',
        'D',
        'completed',
        NULL,
        'EUR',
        17,
        5,
        4,
        NULL
    ) (
        36,
        45.00,
        '2025-01-15 07:00:00',
        'D',
        'completed',
        NULL,
        'EUR',
        17,
        5,
        4,
        NULL
    ) (
        37,
        650.00,
        '2025-01-01 07:00:00',
        'D',
        'completed',
        NULL,
        'EUR',
        28,
        5,
        4,
        NULL
    ) (
        38,
        88.00,
        '2025-01-05 07:00:00',
        'D',
        'completed',
        NULL,
        'EUR',
        28,
        5,
        4,
        NULL
    )
    -- Dépôts / Salaires (crédits)
    (
        39,
        2500.00,
        '2025-01-25 09:00:00',
        'C',
        'completed',
        NULL,
        'EUR',
        1,
        4,
        2,
        NULL
    ) (
        40,
        3100.00,
        '2025-01-25 09:00:00',
        'C',
        'completed',
        NULL,
        'EUR',
        3,
        4,
        2,
        NULL
    ) (
        41,
        1800.00,
        '2025-01-25 09:00:00',
        'C',
        'completed',
        NULL,
        'EUR',
        5,
        4,
        2,
        NULL
    ) (
        42,
        4200.00,
        '2025-01-25 09:00:00',
        'C',
        'completed',
        NULL,
        'EUR',
        7,
        4,
        2,
        NULL
    ) (
        43,
        2200.00,
        '2025-01-25 09:00:00',
        'C',
        'completed',
        NULL,
        'EUR',
        10,
        4,
        2,
        NULL
    ) (
        44,
        3500.00,
        '2025-01-25 09:00:00',
        'C',
        'completed',
        NULL,
        'EUR',
        17,
        4,
        2,
        NULL
    ) (
        45,
        2800.00,
        '2025-01-25 09:00:00',
        'C',
        'completed',
        NULL,
        'EUR',
        25,
        4,
        2,
        NULL
    ) (
        46,
        4800.00,
        '2025-01-25 09:00:00',
        'C',
        'completed',
        NULL,
        'EUR',
        31,
        4,
        2,
        NULL
    )
    -- Frais bancaires
    (
        47,
        2.50,
        '2025-01-31 23:59:00',
        'D',
        'completed',
        NULL,
        'EUR',
        1,
        7,
        2,
        NULL
    ),
    (
        48,
        2.50,
        '2025-01-31 23:59:00',
        'D',
        'completed',
        NULL,
        'EUR',
        3,
        7,
        2,
        NULL
    ),
    (
        49,
        5.00,
        '2025-01-31 23:59:00',
        'D',
        'completed',
        NULL,
        'EUR',
        7,
        7,
        2,
        NULL
    ),
    (
        50,
        2.50,
        '2025-01-31 23:59:00',
        'D',
        'completed',
        NULL,
        'EUR',
        17,
        7,
        2,
        NULL
    ),
    -- Remboursements
    (
        51,
        35.00,
        '2025-01-18 15:00:00',
        'C',
        'completed',
        NULL,
        'EUR',
        3,
        6,
        2,
        NULL
    ),
    (
        52,
        120.00,
        '2025-01-22 11:00:00',
        'C',
        'completed',
        NULL,
        'EUR',
        7,
        6,
        2,
        NULL
    ),
    (
        53,
        50.00,
        '2025-01-28 09:00:00',
        'C',
        'completed',
        NULL,
        'EUR',
        25,
        6,
        2,
        NULL
    ),
    -- Transactions février 2025
    (
        54,
        67.40,
        '2025-02-03 10:00:00',
        'D',
        'completed',
        NULL,
        'EUR',
        1,
        2,
        1,
        1
    ),
    (
        55,
        145.00,
        '2025-02-04 14:00:00',
        'D',
        'completed',
        NULL,
        'EUR',
        11,
        2,
        1,
        6
    ),
    (
        56,
        220.00,
        '2025-02-05 09:00:00',
        'D',
        'completed',
        NULL,
        'EUR',
        22,
        2,
        1,
        13
    ),
    (
        57,
        38.50,
        '2025-02-06 16:00:00',
        'D',
        'completed',
        NULL,
        'EUR',
        35,
        2,
        1,
        22
    ),
    (
        58,
        95.00,
        '2025-02-07 11:00:00',
        'D',
        'completed',
        NULL,
        'EUR',
        50,
        2,
        1,
        33
    ),
    (
        59,
        2500.00,
        '2025-02-25 09:00:00',
        'C',
        'completed',
        NULL,
        'EUR',
        1,
        4,
        2,
        NULL
    ),
    (
        60,
        3100.00,
        '2025-02-25 09:00:00',
        'C',
        'completed',
        NULL,
        'EUR',
        3,
        4,
        2,
        NULL
    ),
    (
        61,
        750.00,
        '2025-02-01 07:00:00',
        'D',
        'completed',
        NULL,
        'EUR',
        1,
        5,
        4,
        NULL
    ),
    (
        62,
        95.00,
        '2025-02-05 07:00:00',
        'D',
        'completed',
        NULL,
        'EUR',
        1,
        5,
        4,
        NULL
    ),
    (
        63,
        19.99,
        '2025-02-08 07:00:00',
        'D',
        'completed',
        NULL,
        'EUR',
        1,
        5,
        4,
        NULL
    ),
    (
        64,
        100.00,
        '2025-02-10 12:00:00',
        'D',
        'completed',
        NULL,
        'EUR',
        7,
        3,
        1,
        4
    ),
    (
        65,
        500.00,
        '2025-02-12 10:00:00',
        'D',
        'completed',
        NULL,
        'EUR',
        28,
        1,
        2,
        NULL
    ),
    (
        66,
        500.00,
        '2025-02-12 10:00:00',
        'C',
        'completed',
        65,
        'EUR',
        50,
        1,
        2,
        NULL
    ),
    -- Transactions mars 2025
    (
        67,
        189.99,
        '2025-03-02 11:00:00',
        'D',
        'completed',
        NULL,
        'EUR',
        14,
        2,
        1,
        8
    ),
    (
        68,
        25.00,
        '2025-03-05 13:00:00',
        'D',
        'completed',
        NULL,
        'EUR',
        19,
        2,
        1,
        11
    ),
    (
        69,
        560.00,
        '2025-03-08 10:00:00',
        'D',
        'completed',
        NULL,
        'EUR',
        31,
        2,
        1,
        19
    ),
    (
        70,
        43.00,
        '2025-03-10 14:30:00',
        'D',
        'completed',
        NULL,
        'EUR',
        39,
        2,
        1,
        25
    ),
    (
        71,
        2500.00,
        '2025-03-25 09:00:00',
        'C',
        'completed',
        NULL,
        'EUR',
        1,
        4,
        2,
        NULL
    ),
    (
        72,
        4200.00,
        '2025-03-25 09:00:00',
        'C',
        'completed',
        NULL,
        'EUR',
        7,
        4,
        2,
        NULL
    ),
    (
        73,
        750.00,
        '2025-03-01 07:00:00',
        'D',
        'completed',
        NULL,
        'EUR',
        1,
        5,
        4,
        NULL
    ),
    (
        74,
        800.00,
        '2025-03-01 07:00:00',
        'D',
        'completed',
        NULL,
        'EUR',
        7,
        5,
        4,
        NULL
    ),
    (
        75,
        650.00,
        '2025-03-01 07:00:00',
        'D',
        'completed',
        NULL,
        'EUR',
        28,
        5,
        4,
        NULL
    ),
    (
        76,
        80.00,
        '2025-03-06 18:00:00',
        'D',
        'completed',
        NULL,
        'EUR',
        3,
        3,
        1,
        2
    ),
    (
        77,
        150.00,
        '2025-03-12 10:00:00',
        'D',
        'completed',
        NULL,
        'EUR',
        17,
        3,
        1,
        10
    ),
    -- Transactions en attente / échouées
    (
        78,
        9999.00,
        '2025-03-15 09:00:00',
        'D',
        'failed',
        NULL,
        'EUR',
        5,
        1,
        2,
        NULL
    ) refusé (
        79,
        450.00,
        '2025-03-16 11:00:00',
        'D',
        'pending',
        NULL,
        'EUR',
        43,
        2,
        1,
        28
    ),
    (
        80,
        120.00,
        '2025-03-17 14:00:00',
        'D',
        'cancelled',
        NULL,
        'EUR',
        59,
        2,
        1,
        39
    ),
    -- Transactions avril 2025
    (
        81,
        55.30,
        '2025-04-01 09:00:00',
        'D',
        'completed',
        NULL,
        'EUR',
        1,
        2,
        1,
        1
    ),
    (
        82,
        178.00,
        '2025-04-02 10:00:00',
        'D',
        'completed',
        NULL,
        'EUR',
        7,
        2,
        1,
        4
    ),
    (
        83,
        92.50,
        '2025-04-03 11:30:00',
        'D',
        'completed',
        NULL,
        'EUR',
        14,
        2,
        1,
        8
    ),
    (
        84,
        310.00,
        '2025-04-04 14:00:00',
        'D',
        'completed',
        NULL,
        'EUR',
        22,
        2,
        1,
        13
    ),
    (
        85,
        47.00,
        '2025-04-05 16:30:00',
        'D',
        'completed',
        NULL,
        'EUR',
        35,
        2,
        1,
        22
    ),
    (
        86,
        2500.00,
        '2025-04-25 09:00:00',
        'C',
        'completed',
        NULL,
        'EUR',
        1,
        4,
        2,
        NULL
    ),
    (
        87,
        4200.00,
        '2025-04-25 09:00:00',
        'C',
        'completed',
        NULL,
        'EUR',
        7,
        4,
        2,
        NULL
    ),
    (
        88,
        3500.00,
        '2025-04-25 09:00:00',
        'C',
        'completed',
        NULL,
        'EUR',
        17,
        4,
        2,
        NULL
    ),
    (
        89,
        750.00,
        '2025-04-01 07:00:00',
        'D',
        'completed',
        NULL,
        'EUR',
        1,
        5,
        4,
        NULL
    ),
    (
        90,
        95.00,
        '2025-04-05 07:00:00',
        'D',
        'completed',
        NULL,
        'EUR',
        1,
        5,
        4,
        NULL
    ),
    (
        91,
        19.99,
        '2025-04-08 07:00:00',
        'D',
        'completed',
        NULL,
        'EUR',
        1,
        5,
        4,
        NULL
    ),
    (
        92,
        9.99,
        '2025-04-10 07:00:00',
        'D',
        'completed',
        NULL,
        'EUR',
        1,
        5,
        4,
        NULL
    ),
    (
        93,
        1500.00,
        '2025-04-15 10:00:00',
        'D',
        'completed',
        NULL,
        'EUR',
        4,
        1,
        2,
        NULL
    ), -- transfert épargne -> courant
    (
        94,
        1500.00,
        '2025-04-15 10:00:00',
        'C',
        'completed',
        93,
        'EUR',
        7,
        1,
        2,
        NULL
    ),
    (
        95,
        60.00,
        '2025-04-08 12:00:00',
        'D',
        'completed',
        NULL,
        'EUR',
        1,
        3,
        1,
        1
    ),
    (
        96,
        100.00,
        '2025-04-12 18:00:00',
        'D',
        'completed',
        NULL,
        'EUR',
        17,
        3,
        1,
        10
    ),
    -- Transactions mai 2025
    (
        97,
        34.90,
        '2025-05-02 09:30:00',
        'D',
        'completed',
        NULL,
        'EUR',
        1,
        2,
        1,
        1
    ),
    (
        98,
        250.00,
        '2025-05-05 11:00:00',
        'D',
        'completed',
        NULL,
        'EUR',
        11,
        2,
        1,
        6
    ),
    (
        99,
        180.00,
        '2025-05-08 14:00:00',
        'D',
        'completed',
        NULL,
        'EUR',
        25,
        2,
        1,
        15
    ),
    (
        100,
        79.00,
        '2025-05-10 16:00:00',
        'D',
        'completed',
        NULL,
        'EUR',
        50,
        2,
        1,
        33
    ),
    (
        101,
        2500.00,
        '2025-05-25 09:00:00',
        'C',
        'completed',
        NULL,
        'EUR',
        1,
        4,
        2,
        NULL
    ),
    (
        102,
        3100.00,
        '2025-05-25 09:00:00',
        'C',
        'completed',
        NULL,
        'EUR',
        3,
        4,
        2,
        NULL
    ),
    (
        103,
        4200.00,
        '2025-05-25 09:00:00',
        'C',
        'completed',
        NULL,
        'EUR',
        7,
        4,
        2,
        NULL
    ),
    (
        104,
        750.00,
        '2025-05-01 07:00:00',
        'D',
        'completed',
        NULL,
        'EUR',
        1,
        5,
        4,
        NULL
    ),
    (
        105,
        95.00,
        '2025-05-05 07:00:00',
        'D',
        'completed',
        NULL,
        'EUR',
        1,
        5,
        4,
        NULL
    ),
    (
        106,
        19.99,
        '2025-05-08 07:00:00',
        'D',
        'completed',
        NULL,
        'EUR',
        1,
        5,
        4,
        NULL
    ),
    (
        107,
        1200.00,
        '2025-05-18 09:00:00',
        'D',
        'completed',
        NULL,
        'EUR',
        7,
        1,
        2,
        NULL
    ) (
        108,
        1200.00,
        '2025-05-18 09:00:00',
        'C',
        'completed',
        107,
        'EUR',
        14,
        1,
        2,
        NULL
    ),
    (
        109,
        600.00,
        '2025-05-20 10:00:00',
        'D',
        'completed',
        NULL,
        'EUR',
        31,
        1,
        2,
        NULL
    ),
    (
        110,
        600.00,
        '2025-05-20 10:00:00',
        'C',
        'completed',
        109,
        'EUR',
        17,
        1,
        2,
        NULL
    ),
    -- Transactions juin-décembre 2025 (échantillon)
    (
        111,
        45.00,
        '2025-06-05 10:00:00',
        'D',
        'completed',
        NULL,
        'EUR',
        14,
        2,
        1,
        8
    ),
    (
        112,
        3500.00,
        '2025-06-25 09:00:00',
        'C',
        'completed',
        NULL,
        'EUR',
        17,
        4,
        2,
        NULL
    ),
    (
        113,
        750.00,
        '2025-06-01 07:00:00',
        'D',
        'completed',
        NULL,
        'EUR',
        1,
        5,
        4,
        NULL
    ),
    (
        114,
        800.00,
        '2025-07-01 07:00:00',
        'D',
        'completed',
        NULL,
        'EUR',
        7,
        5,
        4,
        NULL
    ),
    (
        115,
        2800.00,
        '2025-07-25 09:00:00',
        'C',
        'completed',
        NULL,
        'EUR',
        25,
        4,
        2,
        NULL
    ),
    (
        116,
        325.00,
        '2025-08-10 11:00:00',
        'D',
        'completed',
        NULL,
        'EUR',
        50,
        2,
        1,
        33
    ),
    (
        117,
        4800.00,
        '2025-08-25 09:00:00',
        'C',
        'completed',
        NULL,
        'EUR',
        31,
        4,
        2,
        NULL
    ),
    (
        118,
        2000.00,
        '2025-09-02 10:00:00',
        'D',
        'completed',
        NULL,
        'EUR',
        28,
        1,
        2,
        NULL
    ),
    (
        119,
        2000.00,
        '2025-09-02 10:00:00',
        'C',
        'completed',
        118,
        'EUR',
        32,
        1,
        2,
        NULL
    ),
    (
        120,
        120.00,
        '2025-09-15 12:00:00',
        'D',
        'completed',
        NULL,
        'EUR',
        7,
        3,
        1,
        4
    ),
    (
        121,
        3500.00,
        '2025-10-25 09:00:00',
        'C',
        'completed',
        NULL,
        'EUR',
        17,
        4,
        2,
        NULL
    ),
    (
        122,
        750.00,
        '2025-10-01 07:00:00',
        'D',
        'completed',
        NULL,
        'EUR',
        1,
        5,
        4,
        NULL
    ),
    (
        123,
        800.00,
        '2025-11-01 07:00:00',
        'D',
        'completed',
        NULL,
        'EUR',
        7,
        5,
        4,
        NULL
    ),
    (
        124,
        4200.00,
        '2025-11-25 09:00:00',
        'C',
        'completed',
        NULL,
        'EUR',
        7,
        4,
        2,
        NULL
    ),
    (
        125,
        990.00,
        '2025-12-24 15:00:00',
        'D',
        'completed',
        NULL,
        'EUR',
        17,
        2,
        1,
        10
    ) (
        126,
        445.00,
        '2025-12-24 16:00:00',
        'D',
        'completed',
        NULL,
        'EUR',
        7,
        2,
        1,
        4
    ),
    (
        127,
        215.00,
        '2025-12-24 17:00:00',
        'D',
        'completed',
        NULL,
        'EUR',
        1,
        2,
        1,
        1
    ),
    (
        128,
        3500.00,
        '2025-12-25 09:00:00',
        'C',
        'completed',
        NULL,
        'EUR',
        17,
        4,
        2,
        NULL
    ),
    (
        129,
        750.00,
        '2025-12-01 07:00:00',
        'D',
        'completed',
        NULL,
        'EUR',
        1,
        5,
        4,
        NULL
    ),
    (
        130,
        2.50,
        '2025-12-31 23:59:00',
        'D',
        'completed',
        NULL,
        'EUR',
        1,
        7,
        2,
        NULL
    ),
    -- Transactions 2026 (récentes)
    (
        131,
        55.00,
        '2026-01-05 10:00:00',
        'D',
        'completed',
        NULL,
        'EUR',
        1,
        2,
        1,
        1
    ),
    (
        132,
        2500.00,
        '2026-01-25 09:00:00',
        'C',
        'completed',
        NULL,
        'EUR',
        1,
        4,
        2,
        NULL
    ),
    (
        133,
        750.00,
        '2026-01-01 07:00:00',
        'D',
        'completed',
        NULL,
        'EUR',
        1,
        5,
        4,
        NULL
    ),
    (
        134,
        800.00,
        '2026-01-01 07:00:00',
        'D',
        'completed',
        NULL,
        'EUR',
        7,
        5,
        4,
        NULL
    ),
    (
        135,
        4200.00,
        '2026-01-25 09:00:00',
        'C',
        'completed',
        NULL,
        'EUR',
        7,
        4,
        2,
        NULL
    ),
    (
        136,
        67.80,
        '2026-02-08 11:00:00',
        'D',
        'completed',
        NULL,
        'EUR',
        11,
        2,
        1,
        6
    ),
    (
        137,
        3500.00,
        '2026-02-25 09:00:00',
        'C',
        'completed',
        NULL,
        'EUR',
        17,
        4,
        2,
        NULL
    ),
    (
        138,
        750.00,
        '2026-02-01 07:00:00',
        'D',
        'completed',
        NULL,
        'EUR',
        1,
        5,
        4,
        NULL
    ),
    (
        139,
        1000.00,
        '2026-02-15 10:00:00',
        'D',
        'completed',
        NULL,
        'EUR',
        2,
        1,
        2,
        NULL
    ), -- transfert épargne
    (
        140,
        1000.00,
        '2026-02-15 10:00:00',
        'C',
        'completed',
        139,
        'EUR',
        1,
        1,
        2,
        NULL
    ),
    (
        141,
        88.20,
        '2026-03-03 09:30:00',
        'D',
        'completed',
        NULL,
        'EUR',
        22,
        2,
        1,
        13
    ),
    (
        142,
        2500.00,
        '2026-03-25 09:00:00',
        'C',
        'completed',
        NULL,
        'EUR',
        1,
        4,
        2,
        NULL
    ),
    (
        143,
        750.00,
        '2026-03-01 07:00:00',
        'D',
        'completed',
        NULL,
        'EUR',
        1,
        5,
        4,
        NULL
    ),
    (
        144,
        800.00,
        '2026-03-01 07:00:00',
        'D',
        'completed',
        NULL,
        'EUR',
        7,
        5,
        4,
        NULL
    ),
    (
        145,
        4200.00,
        '2026-03-25 09:00:00',
        'C',
        'completed',
        NULL,
        'EUR',
        7,
        4,
        2,
        NULL
    ),
    (
        146,
        120.00,
        '2026-03-20 11:00:00',
        'D',
        'completed',
        NULL,
        'EUR',
        17,
        2,
        1,
        10
    ),
    (
        147,
        500.00,
        '2026-03-28 10:00:00',
        'D',
        'completed',
        NULL,
        'EUR',
        4,
        1,
        2,
        NULL
    ),
    (
        148,
        500.00,
        '2026-03-28 10:00:00',
        'C',
        'completed',
        147,
        'EUR',
        1,
        1,
        2,
        NULL
    ),
    (
        149,
        2500.00,
        '2026-04-01 09:00:00',
        'C',
        'pending',
        NULL,
        'EUR',
        1,
        4,
        2,
        NULL
    ), -- salaire en attente
    (
        150,
        750.00,
        '2026-04-01 07:00:00',
        'D',
        'pending',
        NULL,
        'EUR',
        1,
        5,
        4,
        NULL
    );
-- prélévement en attente

-- =============================================================
-- AUDIT LOGS
-- =============================================================

INSERT INTO
    audit_logs (
        id,
        time,
        operation,
        table_name,
        transaction_id
    )
VALUES (
        1,
        '2025-01-05 10:23:01',
        'INSERT',
        'transactions',
        1
    ),
    (
        2,
        '2025-01-20 10:00:01',
        'INSERT',
        'transactions',
        11
    ),
    (
        3,
        '2025-01-20 10:00:01',
        'INSERT',
        'transactions',
        12
    ),
    (
        4,
        '2025-01-25 09:00:01',
        'INSERT',
        'transactions',
        39
    ),
    (
        5,
        '2025-01-31 23:59:01',
        'INSERT',
        'transactions',
        47
    ),
    (
        6,
        '2025-02-25 09:00:01',
        'INSERT',
        'transactions',
        59
    ),
    (
        7,
        '2025-03-15 09:00:01',
        'INSERT',
        'transactions',
        78
    ),
    (
        8,
        '2025-03-15 09:00:02',
        'UPDATE',
        'transactions',
        78
    ), -- status -> failed
    (
        9,
        '2025-04-15 10:00:01',
        'INSERT',
        'transactions',
        93
    ),
    (
        10,
        '2025-04-15 10:00:01',
        'INSERT',
        'transactions',
        94
    ),
    (
        11,
        '2025-05-25 09:00:01',
        'INSERT',
        'transactions',
        101
    ),
    (
        12,
        '2025-05-25 09:00:01',
        'INSERT',
        'transactions',
        103
    ),
    (
        13,
        '2025-09-02 10:00:01',
        'INSERT',
        'transactions',
        118
    ),
    (
        14,
        '2025-12-24 15:00:01',
        'INSERT',
        'transactions',
        125
    ),
    (
        15,
        '2025-12-31 23:59:01',
        'INSERT',
        'transactions',
        130
    ),
    (
        16,
        '2026-01-25 09:00:01',
        'INSERT',
        'transactions',
        132
    ),
    (
        17,
        '2026-02-15 10:00:01',
        'INSERT',
        'transactions',
        139
    ),
    (
        18,
        '2026-03-15 09:00:01',
        'UPDATE',
        'accounts',
        NULL
    ), -- mise à jour solde
    (
        19,
        '2026-04-01 09:00:01',
        'INSERT',
        'transactions',
        149
    ),
    (
        20,
        '2026-04-01 07:00:01',
        'INSERT',
        'transactions',
        150
    );

-- =============================================================
-- LOGS (association client <-> audit_log)
-- =============================================================

INSERT INTO
    logs (customer_id, audit_log_id)
VALUES (1, 1),
    (1, 2),
    (2, 3),
    (1, 4),
    (1, 5),
    (1, 6),
    (3, 7),
    (3, 8),
    (4, 9),
    (10, 10),
    (1, 11),
    (4, 12),
    (19, 13),
    (10, 14),
    (1, 15),
    (1, 16),
    (4, 17),
    (1, 18),
    (1, 19),
    (1, 20);